Frames,GB delta TOTAL
1,-17.07779711999989
2,-14.646319519999896
3,-15.423147679999886
4,-17.63201023999989
5,-15.716009839999954
6,-11.549836800000074
7,-13.420182960000057
8,-14.013321119999999
9,-15.962333759999742
10,-14.736771999999775
Average,-15.017773103999914
SD,1.6860229037427301
SEM,0.5331672563037857
